epoch	pswpout	pswpin	allocstall	memavail_kb	swpd_kb	runq
1789668266	30158417	23143461	1652646	37178392	29845660	5.92
1789668276	30158417	23143545	1652646	37253620	29808832	5.69
1789668286	30158417	23143665	1652646	37122796	29811688	5.88
1789668296	30158417	23143895	1652646	36977068	29050064	5.81
1789668306	30158417	23143995	1652646	36857168	29052012	5.76
1789668316	30158417	23144025	1652646	36740680	29050992	5.41
1789668326	30158417	23144052	1652646	36759648	29047800	5.12
1789668336	30158417	23144082	1652646	36716472	29047608	5.26
1789668346	30158417	23144109	1652646	36651596	29047360	4.99
1789668356	30158417	23144234	1652646	36574276	29052116	4.84
1789668366	30158417	23235767	1652646	34881436	28951384	4.87
1789668376	30158417	23236039	1652646	35264572	28912280	4.65
1789668386	30158417	23238972	1652646	34743284	28844700	4.63
1789668396	30158417	23239641	1652646	34818984	28620784	4.60
1789668406	30158417	23239762	1652646	34689988	28617116	4.89
1789668416	30158417	23239809	1652646	34545224	28616532	5.14
1789668426	30158417	23248831	1652646	34345448	28492612	5.04
1789668436	30158417	23248868	1652646	34235348	28492524	5.04
1789668446	30158417	23249024	1652646	34104296	28492292	4.88
1789668456	30158417	23249385	1652646	34301592	28491452	4.98
1789668466	30158417	23249455	1652646	34498084	28491196	5.21
1789668476	30158417	23249687	1652646	34233220	28490180	5.10
1789668486	30158417	23250299	1652665	33176056	28486300	5.16
1789668496	30158417	23250500	1652665	33721668	28462812	4.90
1789668506	30158417	23250594	1652665	33949412	28462776	5.06
1789668516	30158417	23250622	1652665	33988660	28461424	5.05
1789668526	30158417	23250636	1652665	33969556	28461084	4.81
1789668536	30158417	23250651	1652665	33841916	28461032	4.99
1789668546	30158417	23250810	1652665	33876456	28459328	5.07
1789668556	30158417	23250880	1652665	33900120	28459088	4.97
1789668566	30158417	23250902	1652665	33885316	28458724	4.67
1789668576	30158417	23252560	1652665	33410064	28457984	4.81
1789668586	30158417	23252587	1652665	33356416	28457956	4.91
1789668596	30158417	23253768	1652665	32995144	28457708	5.01
1789668606	30158417	23254005	1652665	32826908	28457672	5.09
1789668616	30158417	23254012	1652665	32087384	28457656	5.00
1789668626	30158417	23254037	1652665	32001732	28449452	4.85
1789668636	30158417	23254120	1652665	32597540	28449388	4.80
1789668646	30158417	23254120	1652665	32452332	28449132	4.91
1789668656	30158417	23254183	1652665	32447864	28448960	4.93
1789668666	30158417	23257629	1652665	32445164	28448924	5.12
1789668676	30158417	23257690	1652665	32245688	28448820	4.95
1789668686	30158417	23257716	1652665	32319980	28448084	4.95
1789668696	30158417	23257731	1652665	32315060	28447992	4.72
1789668706	30158417	23257884	1652665	32263244	28447864	4.46
1789668716	30158417	23257941	1652665	32237440	28447836	5.24
1789668726	30158417	23258216	1652665	32990672	28218772	5.51
1789668736	30158417	23258512	1652690	32796632	28218736	5.90
1789668746	30158417	23258543	1652690	32857200	28218596	5.60
1789668756	30158417	23258910	1652690	32814772	28217992	5.52
1789668766	30158417	23258926	1652690	33048460	28214052	5.28
1789668776	30158417	23258962	1652690	33013860	28214044	5.31
1789668786	30158417	23258968	1652690	34473396	28214020	5.18
1789668796	30158417	23258997	1652690	33359616	28214012	5.00
1789668806	30158417	23259004	1652690	33256076	28214012	4.99
1789668816	30158417	23259057	1652690	33228248	28213932	4.91
1789668826	30158417	23259058	1652690	33229168	28213924	4.93
1789668836	30158417	23259105	1652690	33132500	28213796	4.79
1789668846	30158417	23259153	1652690	32632268	28189852	4.83
1789668856	30158417	23259637	1652690	33108088	28189592	4.70
1789668866	30158417	23259727	1652690	33116476	28189216	4.51
1789668876	30158417	23259787	1652690	33072720	28189208	4.35
1789668886	30158417	23259792	1652690	33050268	28189164	4.46
1789668896	30158417	23262628	1652690	33001588	28188100	4.48
1789668906	30158417	23264724	1652690	34652820	28188012	4.40
1789668916	30158417	23264745	1652690	34580456	28188012	4.50
1789668926	30158417	23264759	1652690	34680808	28188000	4.50
1789668936	30158417	23264774	1652690	34582784	28187996	4.42
1789668946	30158417	23264780	1652690	34714584	28187980	4.44
1789668957	30158417	23264824	1652690	36235472	28187916	4.37
1789668967	30158417	23264844	1652690	34591540	28187880	4.31
1789668977	30158417	23264870	1652705	48042408	28139704	4.57
1789668987	30158417	23264896	1652705	90276452	28139612	4.71
1789668997	30158417	23264912	1652706	87930504	28139288	4.53
1789669007	30158417	23266390	1652706	65965540	28139068	5.82
1789669017	30158417	23266479	1652706	47619852	28138980	6.18
1789669027	30158417	23266716	1652706	35010996	28136388	6.35
1789669037	30158417	23268487	1652706	34989972	28131392	6.07
1789669047	30158417	23268507	1652706	34934980	28130684	5.99
1789669057	30158417	23268547	1652706	34913644	28130656	5.68
1789669067	30158417	23268614	1652706	35113348	28129624	5.56
1789669077	30158417	23268650	1652706	35052788	28129544	6.04
1789669087	30158417	23268772	1652706	34994244	28129136	5.89
1789669097	30158417	23268808	1652706	35068552	28129108	5.82
1789669107	30158417	23268817	1652706	34976484	28128584	5.54
1789669117	30158417	23268836	1652706	35114660	28128484	5.60
1789669127	30158417	23268869	1652706	36470716	28128380	5.43
1789669137	30158417	23268925	1652706	35349984	28127468	5.36
1789669147	30158417	23268987	1652706	35257860	28126776	5.22
1789669157	30158417	23268988	1652706	35245936	28126776	4.88
1789669167	30158417	23269005	1652706	35206300	28126748	4.75
1789669177	30158417	23269017	1652706	35137040	28126712	4.56
1789669187	30158417	23269031	1652706	35111320	28126712	4.32
1789669197	30158417	23269173	1652706	35113548	28126500	4.82
1789669207	30158417	23269190	1652706	35036472	28126468	4.85
1789669217	30158417	23269209	1652706	35018228	28126132	4.72
1789669227	30158417	23269230	1652706	35191864	28119112	4.85
1789669237	30158417	23269243	1652706	34615192	28119108	4.65
1789669247	30158417	23269271	1652729	39691508	28119108	4.71
1789669257	30158417	23269356	1652729	88395384	28119056	4.83
1789669267	30158417	23269405	1652804	86746628	28119000	4.93
1789669277	30158417	23269530	1652804	86095600	28118856	5.02
1789669287	30158417	23270170	1652804	86220732	28116468	4.86
1789669297	30158417	23270254	1652804	87819088	28114220	4.81
1789669307	30158417	23270359	1652804	87926652	28112376	4.46
1789669317	30158417	23270398	1652804	87904536	28112192	4.08
1789669327	30158417	23270415	1652804	87925388	28111488	4.07
1789669337	30158417	23270682	1652804	86756508	28111420	4.12
1789669347	30158417	23270691	1652804	86630556	28110880	4.02
1789669357	30158417	23270692	1652804	86592032	28110856	4.23
1789669367	30158417	23271715	1652804	86574780	28110756	4.04
1789669377	30158417	23273211	1652804	87340224	28109620	3.88
1789669387	30158417	23274884	1652804	89974852	28109472	4.06
1789669397	30158505	23274891	1656297	90168360	28183240	4.20
1789669407	30175432	23274930	1658541	91030256	28453980	4.24
1789669417	30190204	23275189	1658631	81371816	28471260	6.82
1789669427	30190332	23275232	1658631	65865068	28471048	6.53
1789669437	30198377	23275370	1669269	58595028	29738476	7.48
1789669447	30207342	23276267	1674299	53465748	30232500	7.41
1789669457	30207342	23278062	1674299	52079972	30212456	7.03
1789669467	30207342	23278218	1674299	50953112	30201360	6.65
1789669477	30207342	23279858	1674299	51918972	30128608	6.31
1789669487	30207342	23282185	1674299	51576168	30121384	6.04
1789669497	30207342	23282617	1674299	51829804	30117904	5.72
1789669507	30207342	23282865	1674299	51791384	30116256	5.46
1789669517	30207342	23283125	1674299	51827812	29755120	5.46
1789669527	30207342	23283205	1674299	51694948	29751768	5.64
1789669537	30207342	23283508	1674299	51548064	29748772	5.37
1789669547	30207342	23283625	1674299	51434896	29745136	5.17
1789669557	30207342	23283706	1674299	51351408	29744636	5.22
1789669567	30207342	23283775	1674323	50089480	29741720	5.34
